,ID,Label
0,50,overruling
1,51,not overruling
2,52,overruling
3,53,overruling
4,54,overruling
5,55,not overruling
6,56,not overruling
7,57,not overruling
8,58,overruling
9,59,overruling
10,60,not overruling
11,61,not overruling
12,62,overruling
13,63,overruling
14,64,not overruling
15,65,not overruling
16,66,overruling
17,67,not overruling
18,68,overruling
19,69,overruling
20,70,not overruling
21,71,not overruling
22,72,not overruling
23,73,not overruling
24,74,not overruling
25,75,not overruling
26,76,not overruling
27,77,overruling
28,78,not overruling
29,79,not overruling
30,80,not overruling
31,81,not overruling
32,82,overruling
33,83,not overruling
34,84,not overruling
35,85,overruling
36,86,not overruling
37,87,not overruling
38,88,not overruling
39,89,overruling
40,90,not overruling
41,91,not overruling
42,92,not overruling
43,93,overruling
44,94,overruling
45,95,overruling
46,96,overruling
47,97,not overruling
48,98,not overruling
49,99,overruling
50,100,overruling
51,101,overruling
52,102,overruling
53,103,overruling
54,104,not overruling
55,105,overruling
56,106,not overruling
57,107,not overruling
58,108,not overruling
59,109,overruling
60,110,not overruling
61,111,overruling
62,112,not overruling
63,113,overruling
64,114,overruling
65,115,not overruling
66,116,not overruling
67,117,overruling
68,118,overruling
69,119,not overruling
70,120,not overruling
71,121,overruling
72,122,overruling
73,123,overruling
74,124,not overruling
75,125,not overruling
76,126,overruling
77,127,not overruling
78,128,not overruling
79,129,not overruling
80,130,overruling
81,131,not overruling
82,132,not overruling
83,133,not overruling
84,134,not overruling
85,135,not overruling
86,136,overruling
87,137,not overruling
88,138,not overruling
89,139,overruling
90,140,not overruling
91,141,overruling
92,142,not overruling
93,143,not overruling
94,144,not overruling
95,145,overruling
96,146,not overruling
97,147,overruling
98,148,overruling
99,149,not overruling
100,150,not overruling
101,151,not overruling
102,152,overruling
103,153,overruling
104,154,not overruling
105,155,overruling
106,156,overruling
107,157,overruling
108,158,overruling
109,159,overruling
110,160,overruling
111,161,overruling
112,162,overruling
113,163,not overruling
114,164,overruling
115,165,not overruling
116,166,not overruling
117,167,not overruling
118,168,not overruling
119,169,overruling
120,170,not overruling
121,171,not overruling
122,172,overruling
123,173,overruling
124,174,overruling
125,175,overruling
126,176,not overruling
127,177,not overruling
128,178,not overruling
129,179,overruling
130,180,not overruling
131,181,overruling
132,182,overruling
133,183,not overruling
134,184,not overruling
135,185,not overruling
136,186,not overruling
137,187,overruling
138,188,overruling
139,189,not overruling
140,190,overruling
141,191,not overruling
142,192,overruling
143,193,overruling
144,194,overruling
145,195,not overruling
146,196,overruling
147,197,not overruling
148,198,not overruling
149,199,overruling
150,200,overruling
151,201,not overruling
152,202,not overruling
153,203,overruling
154,204,not overruling
155,205,not overruling
156,206,overruling
157,207,overruling
158,208,not overruling
159,209,overruling
160,210,overruling
161,211,not overruling
162,212,overruling
163,213,not overruling
164,214,overruling
165,215,overruling
166,216,not overruling
167,217,overruling
168,218,not overruling
169,219,overruling
170,220,overruling
171,221,not overruling
172,222,not overruling
173,223,overruling
174,224,overruling
175,225,overruling
176,226,overruling
177,227,not overruling
178,228,overruling
179,229,not overruling
180,230,overruling
181,231,not overruling
182,232,not overruling
183,233,not overruling
184,234,overruling
185,235,overruling
186,236,overruling
187,237,not overruling
188,238,overruling
189,239,not overruling
190,240,overruling
191,241,overruling
192,242,not overruling
193,243,overruling
194,244,not overruling
195,245,not overruling
196,246,overruling
197,247,not overruling
198,248,overruling
199,249,not overruling
200,250,not overruling
201,251,not overruling
202,252,not overruling
203,253,overruling
204,254,overruling
205,255,overruling
206,256,not overruling
207,257,not overruling
208,258,overruling
209,259,not overruling
210,260,overruling
211,261,overruling
212,262,overruling
213,263,overruling
214,264,overruling
215,265,overruling
216,266,overruling
217,267,not overruling
218,268,overruling
219,269,overruling
220,270,not overruling
221,271,overruling
222,272,not overruling
223,273,overruling
224,274,overruling
225,275,overruling
226,276,not overruling
227,277,not overruling
228,278,not overruling
229,279,overruling
230,280,overruling
231,281,overruling
232,282,not overruling
233,283,overruling
234,284,not overruling
235,285,overruling
236,286,overruling
237,287,overruling
238,288,not overruling
239,289,overruling
240,290,overruling
241,291,overruling
242,292,overruling
243,293,not overruling
244,294,not overruling
245,295,not overruling
246,296,not overruling
247,297,overruling
248,298,overruling
249,299,overruling
250,300,not overruling
251,301,overruling
252,302,not overruling
253,303,not overruling
254,304,overruling
255,305,overruling
256,306,overruling
257,307,not overruling
258,308,overruling
259,309,not overruling
260,310,not overruling
261,311,overruling
262,312,overruling
263,313,not overruling
264,314,not overruling
265,315,not overruling
266,316,overruling
267,317,not overruling
268,318,not overruling
269,319,not overruling
270,320,not overruling
271,321,not overruling
272,322,overruling
273,323,not overruling
274,324,not overruling
275,325,overruling
276,326,overruling
277,327,overruling
278,328,overruling
279,329,not overruling
280,330,overruling
281,331,not overruling
282,332,not overruling
283,333,not overruling
284,334,overruling
285,335,overruling
286,336,overruling
287,337,overruling
288,338,not overruling
289,339,overruling
290,340,not overruling
291,341,not overruling
292,342,overruling
293,343,not overruling
294,344,not overruling
295,345,not overruling
296,346,overruling
297,347,overruling
298,348,overruling
299,349,overruling
300,350,not overruling
301,351,overruling
302,352,overruling
303,353,overruling
304,354,not overruling
305,355,not overruling
306,356,overruling
307,357,overruling
308,358,overruling
309,359,overruling
310,360,overruling
311,361,overruling
312,362,not overruling
313,363,not overruling
314,364,not overruling
315,365,overruling
316,366,overruling
317,367,not overruling
318,368,overruling
319,369,overruling
320,370,not overruling
321,371,overruling
322,372,overruling
323,373,overruling
324,374,not overruling
325,375,overruling
326,376,overruling
327,377,not overruling
328,378,overruling
329,379,not overruling
330,380,not overruling
331,381,not overruling
332,382,overruling
333,383,not overruling
334,384,overruling
335,385,overruling
336,386,overruling
337,387,overruling
338,388,not overruling
339,389,not overruling
340,390,overruling
341,391,overruling
342,392,not overruling
343,393,overruling
344,394,not overruling
345,395,not overruling
346,396,overruling
347,397,not overruling
348,398,overruling
349,399,overruling
350,400,not overruling
351,401,not overruling
352,402,not overruling
353,403,overruling
354,404,overruling
355,405,overruling
356,406,not overruling
357,407,overruling
358,408,not overruling
359,409,not overruling
360,410,not overruling
361,411,overruling
362,412,overruling
363,413,not overruling
364,414,overruling
365,415,not overruling
366,416,overruling
367,417,overruling
368,418,overruling
369,419,overruling
370,420,not overruling
371,421,not overruling
372,422,overruling
373,423,not overruling
374,424,not overruling
375,425,not overruling
376,426,not overruling
377,427,overruling
378,428,overruling
379,429,overruling
380,430,overruling
381,431,overruling
382,432,overruling
383,433,not overruling
384,434,not overruling
385,435,not overruling
386,436,not overruling
387,437,not overruling
388,438,not overruling
389,439,not overruling
390,440,not overruling
391,441,overruling
392,442,not overruling
393,443,overruling
394,444,overruling
395,445,not overruling
396,446,overruling
397,447,not overruling
398,448,overruling
399,449,overruling
400,450,overruling
401,451,overruling
402,452,overruling
403,453,overruling
404,454,overruling
405,455,overruling
406,456,overruling
407,457,overruling
408,458,not overruling
409,459,overruling
410,460,overruling
411,461,not overruling
412,462,overruling
413,463,not overruling
414,464,overruling
415,465,not overruling
416,466,not overruling
417,467,not overruling
418,468,overruling
419,469,overruling
420,470,overruling
421,471,overruling
422,472,overruling
423,473,not overruling
424,474,not overruling
425,475,overruling
426,476,not overruling
427,477,not overruling
428,478,not overruling
429,479,overruling
430,480,not overruling
431,481,not overruling
432,482,overruling
433,483,not overruling
434,484,overruling
435,485,not overruling
436,486,not overruling
437,487,overruling
438,488,not overruling
439,489,not overruling
440,490,not overruling
441,491,not overruling
442,492,overruling
443,493,overruling
444,494,not overruling
445,495,overruling
446,496,not overruling
447,497,not overruling
448,498,not overruling
449,499,not overruling
450,500,not overruling
451,501,not overruling
452,502,not overruling
453,503,not overruling
454,504,not overruling
455,505,overruling
456,506,not overruling
457,507,not overruling
458,508,overruling
459,509,overruling
460,510,not overruling
461,511,not overruling
462,512,overruling
463,513,overruling
464,514,overruling
465,515,not overruling
466,516,overruling
467,517,overruling
468,518,overruling
469,519,overruling
470,520,overruling
471,521,overruling
472,522,not overruling
473,523,overruling
474,524,not overruling
475,525,overruling
476,526,not overruling
477,527,overruling
478,528,overruling
479,529,overruling
480,530,overruling
481,531,overruling
482,532,not overruling
483,533,overruling
484,534,overruling
485,535,overruling
486,536,overruling
487,537,not overruling
488,538,overruling
489,539,overruling
490,540,overruling
491,541,overruling
492,542,overruling
493,543,overruling
494,544,overruling
495,545,overruling
496,546,overruling
497,547,not overruling
498,548,overruling
499,549,overruling
500,550,overruling
501,551,overruling
502,552,not overruling
503,553,not overruling
504,554,not overruling
505,555,overruling
506,556,overruling
507,557,not overruling
508,558,not overruling
509,559,overruling
510,560,overruling
511,561,overruling
512,562,overruling
513,563,not overruling
514,564,overruling
515,565,overruling
516,566,not overruling
517,567,not overruling
518,568,not overruling
519,569,overruling
520,570,overruling
521,571,not overruling
522,572,not overruling
523,573,not overruling
524,574,overruling
525,575,not overruling
526,576,not overruling
527,577,not overruling
528,578,overruling
529,579,not overruling
530,580,not overruling
531,581,not overruling
532,582,overruling
533,583,not overruling
534,584,overruling
535,585,overruling
536,586,not overruling
537,587,not overruling
538,588,not overruling
539,589,overruling
540,590,not overruling
541,591,overruling
542,592,overruling
543,593,overruling
544,594,overruling
545,595,not overruling
546,596,not overruling
547,597,overruling
548,598,not overruling
549,599,not overruling
550,600,not overruling
551,601,overruling
552,602,not overruling
553,603,not overruling
554,604,overruling
555,605,not overruling
556,606,not overruling
557,607,overruling
558,608,not overruling
559,609,not overruling
560,610,not overruling
561,611,overruling
562,612,not overruling
563,613,not overruling
564,614,not overruling
565,615,overruling
566,616,not overruling
567,617,not overruling
568,618,overruling
569,619,not overruling
570,620,overruling
571,621,not overruling
572,622,not overruling
573,623,not overruling
574,624,overruling
575,625,not overruling
576,626,not overruling
577,627,overruling
578,628,not overruling
579,629,overruling
580,630,overruling
581,631,overruling
582,632,overruling
583,633,overruling
584,634,not overruling
585,635,overruling
586,636,overruling
587,637,overruling
588,638,overruling
589,639,not overruling
590,640,not overruling
591,641,overruling
592,642,not overruling
593,643,not overruling
594,644,overruling
595,645,not overruling
596,646,overruling
597,647,not overruling
598,648,not overruling
599,649,overruling
600,650,overruling
601,651,not overruling
602,652,not overruling
603,653,not overruling
604,654,overruling
605,655,not overruling
606,656,overruling
607,657,not overruling
608,658,overruling
609,659,overruling
610,660,not overruling
611,661,overruling
612,662,overruling
613,663,not overruling
614,664,not overruling
615,665,overruling
616,666,not overruling
617,667,not overruling
618,668,overruling
619,669,not overruling
620,670,not overruling
621,671,not overruling
622,672,not overruling
623,673,overruling
624,674,not overruling
625,675,not overruling
626,676,not overruling
627,677,not overruling
628,678,not overruling
629,679,not overruling
630,680,overruling
631,681,overruling
632,682,not overruling
633,683,not overruling
634,684,overruling
635,685,not overruling
636,686,not overruling
637,687,not overruling
638,688,not overruling
639,689,overruling
640,690,overruling
641,691,not overruling
642,692,not overruling
643,693,not overruling
644,694,overruling
645,695,overruling
646,696,overruling
647,697,not overruling
648,698,not overruling
649,699,not overruling
650,700,not overruling
651,701,not overruling
652,702,overruling
653,703,not overruling
654,704,not overruling
655,705,not overruling
656,706,overruling
657,707,not overruling
658,708,not overruling
659,709,overruling
660,710,not overruling
661,711,not overruling
662,712,not overruling
663,713,overruling
664,714,not overruling
665,715,not overruling
666,716,overruling
667,717,overruling
668,718,overruling
669,719,overruling
670,720,overruling
671,721,not overruling
672,722,overruling
673,723,overruling
674,724,overruling
675,725,not overruling
676,726,not overruling
677,727,overruling
678,728,not overruling
679,729,not overruling
680,730,overruling
681,731,not overruling
682,732,not overruling
683,733,overruling
684,734,overruling
685,735,not overruling
686,736,not overruling
687,737,not overruling
688,738,overruling
689,739,overruling
690,740,not overruling
691,741,not overruling
692,742,overruling
693,743,not overruling
694,744,overruling
695,745,overruling
696,746,overruling
697,747,overruling
698,748,overruling
699,749,overruling
700,750,overruling
701,751,overruling
702,752,overruling
703,753,not overruling
704,754,overruling
705,755,overruling
706,756,overruling
707,757,overruling
708,758,not overruling
709,759,not overruling
710,760,not overruling
711,761,not overruling
712,762,not overruling
713,763,not overruling
714,764,not overruling
715,765,overruling
716,766,overruling
717,767,not overruling
718,768,overruling
719,769,overruling
720,770,not overruling
721,771,overruling
722,772,overruling
723,773,not overruling
724,774,overruling
725,775,overruling
726,776,not overruling
727,777,not overruling
728,778,overruling
729,779,overruling
730,780,overruling
731,781,not overruling
732,782,not overruling
733,783,overruling
734,784,not overruling
735,785,not overruling
736,786,overruling
737,787,not overruling
738,788,overruling
739,789,overruling
740,790,overruling
741,791,not overruling
742,792,overruling
743,793,overruling
744,794,not overruling
745,795,overruling
746,796,not overruling
747,797,overruling
748,798,not overruling
749,799,overruling
750,800,overruling
751,801,overruling
752,802,overruling
753,803,overruling
754,804,overruling
755,805,not overruling
756,806,not overruling
757,807,overruling
758,808,not overruling
759,809,overruling
760,810,not overruling
761,811,not overruling
762,812,not overruling
763,813,overruling
764,814,not overruling
765,815,not overruling
766,816,not overruling
767,817,not overruling
768,818,not overruling
769,819,not overruling
770,820,not overruling
771,821,not overruling
772,822,overruling
773,823,overruling
774,824,not overruling
775,825,overruling
776,826,overruling
777,827,overruling
778,828,overruling
779,829,overruling
780,830,not overruling
781,831,not overruling
782,832,not overruling
783,833,overruling
784,834,not overruling
785,835,overruling
786,836,overruling
787,837,overruling
788,838,not overruling
789,839,not overruling
790,840,not overruling
791,841,overruling
792,842,not overruling
793,843,not overruling
794,844,overruling
795,845,not overruling
796,846,overruling
797,847,not overruling
798,848,overruling
799,849,not overruling
800,850,overruling
801,851,not overruling
802,852,not overruling
803,853,not overruling
804,854,not overruling
805,855,overruling
806,856,not overruling
807,857,not overruling
808,858,not overruling
809,859,overruling
810,860,overruling
811,861,not overruling
812,862,overruling
813,863,overruling
814,864,overruling
815,865,overruling
816,866,overruling
817,867,overruling
818,868,not overruling
819,869,overruling
820,870,overruling
821,871,overruling
822,872,overruling
823,873,overruling
824,874,not overruling
825,875,overruling
826,876,overruling
827,877,not overruling
828,878,overruling
829,879,overruling
830,880,not overruling
831,881,overruling
832,882,not overruling
833,883,not overruling
834,884,not overruling
835,885,overruling
836,886,not overruling
837,887,overruling
838,888,not overruling
839,889,overruling
840,890,overruling
841,891,not overruling
842,892,not overruling
843,893,not overruling
844,894,not overruling
845,895,not overruling
846,896,not overruling
847,897,overruling
848,898,not overruling
849,899,overruling
850,900,overruling
851,901,overruling
852,902,not overruling
853,903,not overruling
854,904,not overruling
855,905,not overruling
856,906,overruling
857,907,not overruling
858,908,not overruling
859,909,not overruling
860,910,overruling
861,911,not overruling
862,912,overruling
863,913,overruling
864,914,overruling
865,915,overruling
866,916,not overruling
867,917,not overruling
868,918,overruling
869,919,not overruling
870,920,not overruling
871,921,overruling
872,922,not overruling
873,923,not overruling
874,924,overruling
875,925,not overruling
876,926,overruling
877,927,overruling
878,928,overruling
879,929,not overruling
880,930,overruling
881,931,not overruling
882,932,not overruling
883,933,overruling
884,934,not overruling
885,935,overruling
886,936,not overruling
887,937,not overruling
888,938,not overruling
889,939,not overruling
890,940,overruling
891,941,not overruling
892,942,not overruling
893,943,overruling
894,944,not overruling
895,945,overruling
896,946,overruling
897,947,overruling
898,948,overruling
899,949,overruling
900,950,overruling
901,951,not overruling
902,952,overruling
903,953,overruling
904,954,not overruling
905,955,overruling
906,956,not overruling
907,957,not overruling
908,958,not overruling
909,959,overruling
910,960,overruling
911,961,not overruling
912,962,not overruling
913,963,overruling
914,964,overruling
915,965,not overruling
916,966,overruling
917,967,overruling
918,968,overruling
919,969,overruling
920,970,not overruling
921,971,not overruling
922,972,not overruling
923,973,not overruling
924,974,not overruling
925,975,not overruling
926,976,overruling
927,977,overruling
928,978,not overruling
929,979,overruling
930,980,not overruling
931,981,overruling
932,982,overruling
933,983,overruling
934,984,overruling
935,985,not overruling
936,986,not overruling
937,987,overruling
938,988,overruling
939,989,not overruling
940,990,overruling
941,991,not overruling
942,992,not overruling
943,993,not overruling
944,994,not overruling
945,995,not overruling
946,996,not overruling
947,997,overruling
948,998,not overruling
949,999,not overruling
950,1000,not overruling
951,1001,not overruling
952,1002,overruling
953,1003,overruling
954,1004,overruling
955,1005,overruling
956,1006,overruling
957,1007,not overruling
958,1008,overruling
959,1009,not overruling
960,1010,not overruling
961,1011,not overruling
962,1012,overruling
963,1013,not overruling
964,1014,not overruling
965,1015,not overruling
966,1016,overruling
967,1017,not overruling
968,1018,not overruling
969,1019,overruling
970,1020,overruling
971,1021,not overruling
972,1022,not overruling
973,1023,not overruling
974,1024,overruling
975,1025,overruling
976,1026,not overruling
977,1027,overruling
978,1028,overruling
979,1029,overruling
980,1030,overruling
981,1031,overruling
982,1032,not overruling
983,1033,overruling
984,1034,overruling
985,1035,not overruling
986,1036,not overruling
987,1037,not overruling
988,1038,not overruling
989,1039,overruling
990,1040,not overruling
991,1041,overruling
992,1042,overruling
993,1043,not overruling
994,1044,not overruling
995,1045,overruling
996,1046,overruling
997,1047,overruling
998,1048,overruling
999,1049,not overruling
1000,1050,not overruling
1001,1051,not overruling
1002,1052,overruling
1003,1053,overruling
1004,1054,not overruling
1005,1055,not overruling
1006,1056,not overruling
1007,1057,not overruling
1008,1058,not overruling
1009,1059,not overruling
1010,1060,overruling
1011,1061,not overruling
1012,1062,overruling
1013,1063,overruling
1014,1064,overruling
1015,1065,overruling
1016,1066,overruling
1017,1067,overruling
1018,1068,overruling
1019,1069,overruling
1020,1070,overruling
1021,1071,not overruling
1022,1072,not overruling
1023,1073,overruling
1024,1074,not overruling
1025,1075,overruling
1026,1076,not overruling
1027,1077,overruling
1028,1078,overruling
1029,1079,overruling
1030,1080,not overruling
1031,1081,overruling
1032,1082,not overruling
1033,1083,overruling
1034,1084,not overruling
1035,1085,not overruling
1036,1086,not overruling
1037,1087,not overruling
1038,1088,not overruling
1039,1089,not overruling
1040,1090,not overruling
1041,1091,not overruling
1042,1092,overruling
1043,1093,not overruling
1044,1094,overruling
1045,1095,overruling
1046,1096,overruling
1047,1097,overruling
1048,1098,not overruling
1049,1099,overruling
1050,1100,overruling
1051,1101,overruling
1052,1102,not overruling
1053,1103,not overruling
1054,1104,overruling
1055,1105,not overruling
1056,1106,overruling
1057,1107,overruling
1058,1108,overruling
1059,1109,not overruling
1060,1110,overruling
1061,1111,not overruling
1062,1112,not overruling
1063,1113,not overruling
1064,1114,not overruling
1065,1115,not overruling
1066,1116,not overruling
1067,1117,overruling
1068,1118,not overruling
1069,1119,overruling
1070,1120,overruling
1071,1121,overruling
1072,1122,overruling
1073,1123,not overruling
1074,1124,overruling
1075,1125,overruling
1076,1126,not overruling
1077,1127,not overruling
1078,1128,not overruling
1079,1129,overruling
1080,1130,overruling
1081,1131,not overruling
1082,1132,not overruling
1083,1133,not overruling
1084,1134,overruling
1085,1135,not overruling
1086,1136,overruling
1087,1137,overruling
1088,1138,not overruling
1089,1139,not overruling
1090,1140,not overruling
1091,1141,not overruling
1092,1142,not overruling
1093,1143,overruling
1094,1144,overruling
1095,1145,overruling
1096,1146,not overruling
1097,1147,overruling
1098,1148,not overruling
1099,1149,not overruling
1100,1150,overruling
1101,1151,not overruling
1102,1152,overruling
1103,1153,overruling
1104,1154,not overruling
1105,1155,not overruling
1106,1156,not overruling
1107,1157,overruling
1108,1158,overruling
1109,1159,overruling
1110,1160,not overruling
1111,1161,overruling
1112,1162,not overruling
1113,1163,overruling
1114,1164,not overruling
1115,1165,not overruling
1116,1166,not overruling
1117,1167,overruling
1118,1168,not overruling
1119,1169,not overruling
1120,1170,overruling
1121,1171,not overruling
1122,1172,overruling
1123,1173,not overruling
1124,1174,overruling
1125,1175,overruling
1126,1176,overruling
1127,1177,overruling
1128,1178,overruling
1129,1179,overruling
1130,1180,not overruling
1131,1181,overruling
1132,1182,not overruling
1133,1183,overruling
1134,1184,not overruling
1135,1185,overruling
1136,1186,not overruling
1137,1187,not overruling
1138,1188,not overruling
1139,1189,overruling
1140,1190,overruling
1141,1191,not overruling
1142,1192,overruling
1143,1193,not overruling
1144,1194,not overruling
1145,1195,overruling
1146,1196,not overruling
1147,1197,overruling
1148,1198,not overruling
1149,1199,overruling
1150,1200,overruling
1151,1201,not overruling
1152,1202,overruling
1153,1203,overruling
1154,1204,not overruling
1155,1205,overruling
1156,1206,not overruling
1157,1207,overruling
1158,1208,not overruling
1159,1209,not overruling
1160,1210,not overruling
1161,1211,not overruling
1162,1212,overruling
1163,1213,overruling
1164,1214,overruling
1165,1215,overruling
1166,1216,not overruling
1167,1217,overruling
1168,1218,overruling
1169,1219,overruling
1170,1220,overruling
1171,1221,overruling
1172,1222,overruling
1173,1223,overruling
1174,1224,overruling
1175,1225,overruling
1176,1226,overruling
1177,1227,overruling
1178,1228,not overruling
1179,1229,not overruling
1180,1230,overruling
1181,1231,overruling
1182,1232,not overruling
1183,1233,overruling
1184,1234,not overruling
1185,1235,not overruling
1186,1236,overruling
1187,1237,not overruling
1188,1238,not overruling
1189,1239,overruling
1190,1240,overruling
1191,1241,not overruling
1192,1242,not overruling
1193,1243,not overruling
1194,1244,overruling
1195,1245,overruling
1196,1246,not overruling
1197,1247,overruling
1198,1248,overruling
1199,1249,overruling
1200,1250,overruling
1201,1251,not overruling
1202,1252,not overruling
1203,1253,overruling
1204,1254,not overruling
1205,1255,not overruling
1206,1256,not overruling
1207,1257,not overruling
1208,1258,not overruling
1209,1259,overruling
1210,1260,not overruling
1211,1261,overruling
1212,1262,not overruling
1213,1263,overruling
1214,1264,overruling
1215,1265,overruling
1216,1266,not overruling
1217,1267,overruling
1218,1268,overruling
1219,1269,overruling
1220,1270,not overruling
1221,1271,not overruling
1222,1272,overruling
1223,1273,overruling
1224,1274,overruling
1225,1275,overruling
1226,1276,overruling
1227,1277,overruling
1228,1278,not overruling
1229,1279,not overruling
1230,1280,overruling
1231,1281,not overruling
1232,1282,overruling
1233,1283,overruling
1234,1284,overruling
1235,1285,not overruling
1236,1286,not overruling
1237,1287,overruling
1238,1288,not overruling
1239,1289,overruling
1240,1290,not overruling
1241,1291,overruling
1242,1292,overruling
1243,1293,overruling
1244,1294,overruling
1245,1295,not overruling
1246,1296,overruling
1247,1297,overruling
1248,1298,overruling
1249,1299,overruling
1250,1300,overruling
1251,1301,overruling
1252,1302,not overruling
1253,1303,not overruling
1254,1304,not overruling
1255,1305,overruling
1256,1306,overruling
1257,1307,not overruling
1258,1308,not overruling
1259,1309,overruling
1260,1310,overruling
1261,1311,not overruling
1262,1312,not overruling
1263,1313,overruling
1264,1314,overruling
1265,1315,not overruling
1266,1316,not overruling
1267,1317,overruling
1268,1318,overruling
1269,1319,overruling
1270,1320,overruling
1271,1321,not overruling
1272,1322,not overruling
1273,1323,overruling
1274,1324,not overruling
1275,1325,overruling
1276,1326,overruling
1277,1327,overruling
1278,1328,not overruling
1279,1329,not overruling
1280,1330,not overruling
1281,1331,not overruling
1282,1332,not overruling
1283,1333,overruling
1284,1334,not overruling
1285,1335,not overruling
1286,1336,not overruling
1287,1337,overruling
1288,1338,overruling
1289,1339,not overruling
1290,1340,overruling
1291,1341,not overruling
1292,1342,not overruling
1293,1343,not overruling
1294,1344,overruling
1295,1345,not overruling
1296,1346,not overruling
1297,1347,not overruling
1298,1348,not overruling
1299,1349,overruling
1300,1350,overruling
1301,1351,overruling
1302,1352,overruling
1303,1353,not overruling
1304,1354,not overruling
1305,1355,overruling
1306,1356,overruling
1307,1357,not overruling
1308,1358,overruling
1309,1359,overruling
1310,1360,not overruling
1311,1361,not overruling
1312,1362,not overruling
1313,1363,not overruling
1314,1364,overruling
1315,1365,not overruling
1316,1366,overruling
1317,1367,overruling
1318,1368,not overruling
1319,1369,overruling
1320,1370,overruling
1321,1371,not overruling
1322,1372,not overruling
1323,1373,not overruling
1324,1374,not overruling
1325,1375,not overruling
1326,1376,not overruling
1327,1377,overruling
1328,1378,not overruling
1329,1379,not overruling
1330,1380,overruling
1331,1381,overruling
1332,1382,overruling
1333,1383,not overruling
1334,1384,not overruling
1335,1385,not overruling
1336,1386,not overruling
1337,1387,not overruling
1338,1388,not overruling
1339,1389,not overruling
1340,1390,overruling
1341,1391,not overruling
1342,1392,not overruling
1343,1393,not overruling
1344,1394,overruling
1345,1395,not overruling
1346,1396,not overruling
1347,1397,overruling
1348,1398,overruling
1349,1399,not overruling
1350,1400,overruling
1351,1401,overruling
1352,1402,overruling
1353,1403,not overruling
1354,1404,not overruling
1355,1405,not overruling
1356,1406,not overruling
1357,1407,not overruling
1358,1408,not overruling
1359,1409,overruling
1360,1410,overruling
1361,1411,overruling
1362,1412,overruling
1363,1413,not overruling
1364,1414,overruling
1365,1415,overruling
1366,1416,not overruling
1367,1417,not overruling
1368,1418,overruling
1369,1419,overruling
1370,1420,overruling
1371,1421,overruling
1372,1422,not overruling
1373,1423,not overruling
1374,1424,not overruling
1375,1425,not overruling
1376,1426,not overruling
1377,1427,overruling
1378,1428,overruling
1379,1429,not overruling
1380,1430,not overruling
1381,1431,overruling
1382,1432,overruling
1383,1433,overruling
1384,1434,overruling
1385,1435,not overruling
1386,1436,not overruling
1387,1437,not overruling
1388,1438,overruling
1389,1439,overruling
1390,1440,overruling
1391,1441,not overruling
1392,1442,not overruling
1393,1443,overruling
1394,1444,overruling
1395,1445,overruling
1396,1446,overruling
1397,1447,overruling
1398,1448,overruling
1399,1449,not overruling
1400,1450,not overruling
1401,1451,overruling
1402,1452,overruling
1403,1453,overruling
1404,1454,overruling
1405,1455,overruling
1406,1456,overruling
1407,1457,not overruling
1408,1458,not overruling
1409,1459,overruling
1410,1460,not overruling
1411,1461,not overruling
1412,1462,not overruling
1413,1463,not overruling
1414,1464,overruling
1415,1465,not overruling
1416,1466,overruling
1417,1467,not overruling
1418,1468,not overruling
1419,1469,overruling
1420,1470,not overruling
1421,1471,not overruling
1422,1472,not overruling
1423,1473,overruling
1424,1474,overruling
1425,1475,not overruling
1426,1476,not overruling
1427,1477,not overruling
1428,1478,not overruling
1429,1479,overruling
1430,1480,overruling
1431,1481,overruling
1432,1482,not overruling
1433,1483,overruling
1434,1484,overruling
1435,1485,overruling
1436,1486,not overruling
1437,1487,not overruling
1438,1488,overruling
1439,1489,overruling
1440,1490,overruling
1441,1491,not overruling
1442,1492,overruling
1443,1493,not overruling
1444,1494,overruling
1445,1495,overruling
1446,1496,overruling
1447,1497,overruling
1448,1498,not overruling
1449,1499,overruling
1450,1500,not overruling
1451,1501,overruling
1452,1502,overruling
1453,1503,overruling
1454,1504,not overruling
1455,1505,not overruling
1456,1506,overruling
1457,1507,not overruling
1458,1508,not overruling
1459,1509,overruling
1460,1510,overruling
1461,1511,not overruling
1462,1512,not overruling
1463,1513,overruling
1464,1514,not overruling
1465,1515,overruling
1466,1516,not overruling
1467,1517,not overruling
1468,1518,overruling
1469,1519,not overruling
1470,1520,overruling
1471,1521,not overruling
1472,1522,overruling
1473,1523,not overruling
1474,1524,overruling
1475,1525,not overruling
1476,1526,not overruling
1477,1527,overruling
1478,1528,overruling
1479,1529,overruling
1480,1530,overruling
1481,1531,not overruling
1482,1532,not overruling
1483,1533,overruling
1484,1534,not overruling
1485,1535,not overruling
1486,1536,not overruling
1487,1537,not overruling
1488,1538,not overruling
1489,1539,overruling
1490,1540,not overruling
1491,1541,not overruling
1492,1542,not overruling
1493,1543,not overruling
1494,1544,overruling
1495,1545,overruling
1496,1546,overruling
1497,1547,not overruling
1498,1548,not overruling
1499,1549,not overruling
1500,1550,overruling
1501,1551,overruling
1502,1552,overruling
1503,1553,not overruling
1504,1554,overruling
1505,1555,not overruling
1506,1556,not overruling
1507,1557,overruling
1508,1558,not overruling
1509,1559,not overruling
1510,1560,not overruling
1511,1561,overruling
1512,1562,not overruling
1513,1563,not overruling
1514,1564,not overruling
1515,1565,overruling
1516,1566,not overruling
1517,1567,overruling
1518,1568,overruling
1519,1569,overruling
1520,1570,not overruling
1521,1571,overruling
1522,1572,not overruling
1523,1573,overruling
1524,1574,overruling
1525,1575,not overruling
1526,1576,overruling
1527,1577,overruling
1528,1578,overruling
1529,1579,overruling
1530,1580,overruling
1531,1581,overruling
1532,1582,not overruling
1533,1583,not overruling
1534,1584,overruling
1535,1585,not overruling
1536,1586,overruling
1537,1587,not overruling
1538,1588,not overruling
1539,1589,not overruling
1540,1590,not overruling
1541,1591,overruling
1542,1592,overruling
1543,1593,overruling
1544,1594,overruling
1545,1595,overruling
1546,1596,not overruling
1547,1597,not overruling
1548,1598,not overruling
1549,1599,not overruling
1550,1600,overruling
1551,1601,overruling
1552,1602,overruling
1553,1603,overruling
1554,1604,not overruling
1555,1605,not overruling
1556,1606,overruling
1557,1607,not overruling
1558,1608,not overruling
1559,1609,overruling
1560,1610,overruling
1561,1611,overruling
1562,1612,not overruling
1563,1613,overruling
1564,1614,overruling
1565,1615,not overruling
1566,1616,overruling
1567,1617,not overruling
1568,1618,overruling
1569,1619,overruling
1570,1620,not overruling
1571,1621,not overruling
1572,1622,not overruling
1573,1623,overruling
1574,1624,not overruling
1575,1625,overruling
1576,1626,overruling
1577,1627,not overruling
1578,1628,overruling
1579,1629,not overruling
1580,1630,not overruling
1581,1631,not overruling
1582,1632,not overruling
1583,1633,not overruling
1584,1634,overruling
1585,1635,not overruling
1586,1636,overruling
1587,1637,not overruling
1588,1638,overruling
1589,1639,overruling
1590,1640,not overruling
1591,1641,overruling
1592,1642,not overruling
1593,1643,not overruling
1594,1644,not overruling
1595,1645,not overruling
1596,1646,not overruling
1597,1647,not overruling
1598,1648,overruling
1599,1649,overruling
1600,1650,not overruling
1601,1651,not overruling
1602,1652,not overruling
1603,1653,overruling
1604,1654,not overruling
1605,1655,overruling
1606,1656,overruling
1607,1657,overruling
1608,1658,overruling
1609,1659,overruling
1610,1660,overruling
1611,1661,overruling
1612,1662,not overruling
1613,1663,not overruling
1614,1664,not overruling
1615,1665,overruling
1616,1666,not overruling
1617,1667,not overruling
1618,1668,overruling
1619,1669,overruling
1620,1670,overruling
1621,1671,overruling
1622,1672,not overruling
1623,1673,not overruling
1624,1674,not overruling
1625,1675,not overruling
1626,1676,not overruling
1627,1677,overruling
1628,1678,overruling
1629,1679,not overruling
1630,1680,not overruling
1631,1681,overruling
1632,1682,not overruling
1633,1683,not overruling
1634,1684,overruling
1635,1685,overruling
1636,1686,not overruling
1637,1687,overruling
1638,1688,overruling
1639,1689,overruling
1640,1690,not overruling
1641,1691,overruling
1642,1692,not overruling
1643,1693,overruling
1644,1694,overruling
1645,1695,overruling
1646,1696,not overruling
1647,1697,not overruling
1648,1698,overruling
1649,1699,not overruling
1650,1700,overruling
1651,1701,not overruling
1652,1702,not overruling
1653,1703,overruling
1654,1704,overruling
1655,1705,overruling
1656,1706,not overruling
1657,1707,overruling
1658,1708,not overruling
1659,1709,not overruling
1660,1710,not overruling
1661,1711,not overruling
1662,1712,overruling
1663,1713,overruling
1664,1714,overruling
1665,1715,overruling
1666,1716,overruling
1667,1717,not overruling
1668,1718,not overruling
1669,1719,overruling
1670,1720,not overruling
1671,1721,overruling
1672,1722,not overruling
1673,1723,overruling
1674,1724,not overruling
1675,1725,not overruling
1676,1726,not overruling
1677,1727,overruling
1678,1728,overruling
1679,1729,overruling
1680,1730,overruling
1681,1731,not overruling
1682,1732,not overruling
1683,1733,not overruling
1684,1734,not overruling
1685,1735,overruling
1686,1736,not overruling
1687,1737,overruling
1688,1738,overruling
1689,1739,not overruling
1690,1740,overruling
1691,1741,not overruling
1692,1742,overruling
1693,1743,not overruling
1694,1744,not overruling
1695,1745,overruling
1696,1746,not overruling
1697,1747,not overruling
1698,1748,not overruling
1699,1749,overruling
1700,1750,not overruling
1701,1751,overruling
1702,1752,not overruling
1703,1753,not overruling
1704,1754,not overruling
1705,1755,not overruling
1706,1756,overruling
1707,1757,overruling
1708,1758,overruling
1709,1759,overruling
1710,1760,not overruling
1711,1761,overruling
1712,1762,overruling
1713,1763,not overruling
1714,1764,overruling
1715,1765,not overruling
1716,1766,overruling
1717,1767,overruling
1718,1768,overruling
1719,1769,not overruling
1720,1770,overruling
1721,1771,not overruling
1722,1772,overruling
1723,1773,not overruling
1724,1774,not overruling
1725,1775,overruling
1726,1776,not overruling
1727,1777,not overruling
1728,1778,not overruling
1729,1779,overruling
1730,1780,not overruling
1731,1781,not overruling
1732,1782,overruling
1733,1783,overruling
1734,1784,not overruling
1735,1785,overruling
1736,1786,overruling
1737,1787,not overruling
1738,1788,not overruling
1739,1789,overruling
1740,1790,overruling
1741,1791,not overruling
1742,1792,overruling
1743,1793,not overruling
1744,1794,not overruling
1745,1795,not overruling
1746,1796,overruling
1747,1797,overruling
1748,1798,overruling
1749,1799,not overruling
1750,1800,not overruling
1751,1801,not overruling
1752,1802,not overruling
1753,1803,overruling
1754,1804,not overruling
1755,1805,overruling
1756,1806,not overruling
1757,1807,overruling
1758,1808,overruling
1759,1809,overruling
1760,1810,overruling
1761,1811,overruling
1762,1812,overruling
1763,1813,not overruling
1764,1814,overruling
1765,1815,overruling
1766,1816,not overruling
1767,1817,overruling
1768,1818,not overruling
1769,1819,not overruling
1770,1820,overruling
1771,1821,overruling
1772,1822,not overruling
1773,1823,not overruling
1774,1824,not overruling
1775,1825,overruling
1776,1826,not overruling
1777,1827,not overruling
1778,1828,not overruling
1779,1829,not overruling
1780,1830,overruling
1781,1831,overruling
1782,1832,overruling
1783,1833,overruling
1784,1834,not overruling
1785,1835,not overruling
1786,1836,not overruling
1787,1837,not overruling
1788,1838,not overruling
1789,1839,not overruling
1790,1840,overruling
1791,1841,not overruling
1792,1842,not overruling
1793,1843,not overruling
1794,1844,not overruling
1795,1845,not overruling
1796,1846,not overruling
1797,1847,overruling
1798,1848,not overruling
1799,1849,overruling
1800,1850,overruling
1801,1851,overruling
1802,1852,not overruling
1803,1853,not overruling
1804,1854,overruling
1805,1855,overruling
1806,1856,overruling
1807,1857,not overruling
1808,1858,overruling
1809,1859,not overruling
1810,1860,overruling
1811,1861,overruling
1812,1862,not overruling
1813,1863,not overruling
1814,1864,not overruling
1815,1865,overruling
1816,1866,not overruling
1817,1867,overruling
1818,1868,overruling
1819,1869,not overruling
1820,1870,overruling
1821,1871,not overruling
1822,1872,not overruling
1823,1873,not overruling
1824,1874,not overruling
1825,1875,overruling
1826,1876,not overruling
1827,1877,not overruling
1828,1878,overruling
1829,1879,not overruling
1830,1880,not overruling
1831,1881,overruling
1832,1882,overruling
1833,1883,not overruling
1834,1884,overruling
1835,1885,overruling
1836,1886,not overruling
1837,1887,overruling
1838,1888,not overruling
1839,1889,not overruling
1840,1890,not overruling
1841,1891,overruling
1842,1892,overruling
1843,1893,not overruling
1844,1894,overruling
1845,1895,overruling
1846,1896,not overruling
1847,1897,overruling
1848,1898,overruling
1849,1899,overruling
1850,1900,overruling
1851,1901,overruling
1852,1902,not overruling
1853,1903,not overruling
1854,1904,not overruling
1855,1905,not overruling
1856,1906,not overruling
1857,1907,not overruling
1858,1908,overruling
1859,1909,not overruling
1860,1910,overruling
1861,1911,overruling
1862,1912,not overruling
1863,1913,overruling
1864,1914,not overruling
1865,1915,overruling
1866,1916,overruling
1867,1917,overruling
1868,1918,overruling
1869,1919,overruling
1870,1920,not overruling
1871,1921,not overruling
1872,1922,overruling
1873,1923,overruling
1874,1924,overruling
1875,1925,overruling
1876,1926,not overruling
1877,1927,overruling
1878,1928,not overruling
1879,1929,not overruling
1880,1930,not overruling
1881,1931,overruling
1882,1932,overruling
1883,1933,not overruling
1884,1934,not overruling
1885,1935,overruling
1886,1936,overruling
1887,1937,overruling
1888,1938,overruling
1889,1939,overruling
1890,1940,overruling
1891,1941,overruling
1892,1942,not overruling
1893,1943,overruling
1894,1944,overruling
1895,1945,not overruling
1896,1946,overruling
1897,1947,not overruling
1898,1948,not overruling
1899,1949,overruling
1900,1950,overruling
1901,1951,not overruling
1902,1952,overruling
1903,1953,overruling
1904,1954,overruling
1905,1955,overruling
1906,1956,not overruling
1907,1957,overruling
1908,1958,overruling
1909,1959,not overruling
1910,1960,not overruling
1911,1961,not overruling
1912,1962,overruling
1913,1963,overruling
1914,1964,not overruling
1915,1965,overruling
1916,1966,overruling
1917,1967,not overruling
1918,1968,overruling
1919,1969,overruling
1920,1970,not overruling
1921,1971,not overruling
1922,1972,not overruling
1923,1973,overruling
1924,1974,not overruling
1925,1975,not overruling
1926,1976,not overruling
1927,1977,not overruling
1928,1978,not overruling
1929,1979,overruling
1930,1980,overruling
1931,1981,overruling
1932,1982,overruling
1933,1983,overruling
1934,1984,not overruling
1935,1985,not overruling
1936,1986,not overruling
1937,1987,overruling
1938,1988,not overruling
1939,1989,overruling
1940,1990,overruling
1941,1991,overruling
1942,1992,not overruling
1943,1993,not overruling
1944,1994,not overruling
1945,1995,overruling
1946,1996,not overruling
1947,1997,not overruling
1948,1998,not overruling
1949,1999,overruling
1950,2000,overruling
1951,2001,not overruling
1952,2002,overruling
1953,2003,overruling
1954,2004,overruling
1955,2005,not overruling
1956,2006,not overruling
1957,2007,overruling
1958,2008,overruling
1959,2009,not overruling
1960,2010,overruling
1961,2011,not overruling
1962,2012,not overruling
1963,2013,overruling
1964,2014,overruling
1965,2015,overruling
1966,2016,overruling
1967,2017,overruling
1968,2018,overruling
1969,2019,not overruling
1970,2020,not overruling
1971,2021,not overruling
1972,2022,not overruling
1973,2023,not overruling
1974,2024,overruling
1975,2025,not overruling
1976,2026,not overruling
1977,2027,overruling
1978,2028,not overruling
1979,2029,not overruling
1980,2030,overruling
1981,2031,not overruling
1982,2032,overruling
1983,2033,not overruling
1984,2034,overruling
1985,2035,not overruling
1986,2036,not overruling
1987,2037,not overruling
1988,2038,overruling
1989,2039,not overruling
1990,2040,not overruling
1991,2041,not overruling
1992,2042,not overruling
1993,2043,not overruling
1994,2044,overruling
1995,2045,overruling
1996,2046,not overruling
1997,2047,not overruling
1998,2048,not overruling
1999,2049,overruling
2000,2050,not overruling
2001,2051,not overruling
2002,2052,overruling
2003,2053,overruling
2004,2054,overruling
2005,2055,not overruling
2006,2056,overruling
2007,2057,overruling
2008,2058,not overruling
2009,2059,not overruling
2010,2060,not overruling
2011,2061,not overruling
2012,2062,overruling
2013,2063,not overruling
2014,2064,overruling
2015,2065,not overruling
2016,2066,not overruling
2017,2067,not overruling
2018,2068,overruling
2019,2069,not overruling
2020,2070,overruling
2021,2071,not overruling
2022,2072,overruling
2023,2073,not overruling
2024,2074,overruling
2025,2075,not overruling
2026,2076,overruling
2027,2077,not overruling
2028,2078,not overruling
2029,2079,overruling
2030,2080,overruling
2031,2081,not overruling
2032,2082,not overruling
2033,2083,not overruling
2034,2084,not overruling
2035,2085,overruling
2036,2086,not overruling
2037,2087,not overruling
2038,2088,overruling
2039,2089,overruling
2040,2090,overruling
2041,2091,not overruling
2042,2092,not overruling
2043,2093,not overruling
2044,2094,not overruling
2045,2095,overruling
2046,2096,overruling
2047,2097,overruling
2048,2098,overruling
2049,2099,overruling
2050,2100,not overruling
2051,2101,not overruling
2052,2102,not overruling
2053,2103,not overruling
2054,2104,overruling
2055,2105,not overruling
2056,2106,not overruling
2057,2107,not overruling
2058,2108,overruling
2059,2109,not overruling
2060,2110,not overruling
2061,2111,not overruling
2062,2112,not overruling
2063,2113,not overruling
2064,2114,overruling
2065,2115,overruling
2066,2116,overruling
2067,2117,not overruling
2068,2118,overruling
2069,2119,not overruling
2070,2120,overruling
2071,2121,not overruling
2072,2122,not overruling
2073,2123,overruling
2074,2124,not overruling
2075,2125,not overruling
2076,2126,not overruling
2077,2127,not overruling
2078,2128,overruling
2079,2129,not overruling
2080,2130,not overruling
2081,2131,not overruling
2082,2132,not overruling
2083,2133,overruling
2084,2134,not overruling
2085,2135,overruling
2086,2136,not overruling
2087,2137,not overruling
2088,2138,overruling
2089,2139,not overruling
2090,2140,overruling
2091,2141,not overruling
2092,2142,not overruling
2093,2143,not overruling
2094,2144,overruling
2095,2145,not overruling
2096,2146,not overruling
2097,2147,not overruling
2098,2148,overruling
2099,2149,not overruling
2100,2150,overruling
2101,2151,not overruling
2102,2152,not overruling
2103,2153,not overruling
2104,2154,not overruling
2105,2155,overruling
2106,2156,overruling
2107,2157,not overruling
2108,2158,overruling
2109,2159,overruling
2110,2160,overruling
2111,2161,overruling
2112,2162,overruling
2113,2163,not overruling
2114,2164,overruling
2115,2165,overruling
2116,2166,overruling
2117,2167,not overruling
2118,2168,not overruling
2119,2169,overruling
2120,2170,not overruling
2121,2171,not overruling
2122,2172,overruling
2123,2173,overruling
2124,2174,not overruling
2125,2175,not overruling
2126,2176,overruling
2127,2177,overruling
2128,2178,overruling
2129,2179,overruling
2130,2180,overruling
2131,2181,not overruling
2132,2182,not overruling
2133,2183,not overruling
2134,2184,not overruling
2135,2185,not overruling
2136,2186,overruling
2137,2187,not overruling
2138,2188,not overruling
2139,2189,not overruling
2140,2190,overruling
2141,2191,overruling
2142,2192,not overruling
2143,2193,not overruling
2144,2194,overruling
2145,2195,overruling
2146,2196,not overruling
2147,2197,overruling
2148,2198,overruling
2149,2199,overruling
2150,2200,not overruling
2151,2201,not overruling
2152,2202,overruling
2153,2203,overruling
2154,2204,not overruling
2155,2205,overruling
2156,2206,not overruling
2157,2207,overruling
2158,2208,overruling
2159,2209,not overruling
2160,2210,overruling
2161,2211,overruling
2162,2212,overruling
2163,2213,not overruling
2164,2214,not overruling
2165,2215,overruling
2166,2216,not overruling
2167,2217,overruling
2168,2218,overruling
2169,2219,not overruling
2170,2220,overruling
2171,2221,not overruling
2172,2222,not overruling
2173,2223,not overruling
2174,2224,overruling
2175,2225,overruling
2176,2226,overruling
2177,2227,not overruling
2178,2228,not overruling
2179,2229,not overruling
2180,2230,not overruling
2181,2231,not overruling
2182,2232,overruling
2183,2233,not overruling
2184,2234,not overruling
2185,2235,not overruling
2186,2236,overruling
2187,2237,not overruling
2188,2238,not overruling
2189,2239,overruling
2190,2240,not overruling
2191,2241,not overruling
2192,2242,not overruling
2193,2243,not overruling
2194,2244,overruling
2195,2245,not overruling
2196,2246,not overruling
2197,2247,not overruling
2198,2248,overruling
2199,2249,not overruling
2200,2250,overruling
2201,2251,overruling
2202,2252,overruling
2203,2253,not overruling
2204,2254,overruling
2205,2255,not overruling
2206,2256,not overruling
2207,2257,overruling
2208,2258,not overruling
2209,2259,overruling
2210,2260,not overruling
2211,2261,overruling
2212,2262,not overruling
2213,2263,overruling
2214,2264,not overruling
2215,2265,overruling
2216,2266,overruling
2217,2267,overruling
2218,2268,not overruling
2219,2269,overruling
2220,2270,not overruling
2221,2271,overruling
2222,2272,overruling
2223,2273,not overruling
2224,2274,overruling
2225,2275,not overruling
2226,2276,overruling
2227,2277,not overruling
2228,2278,overruling
2229,2279,overruling
2230,2280,not overruling
2231,2281,overruling
2232,2282,overruling
2233,2283,overruling
2234,2284,not overruling
2235,2285,not overruling
2236,2286,overruling
2237,2287,not overruling
2238,2288,not overruling
2239,2289,overruling
2240,2290,overruling
2241,2291,not overruling
2242,2292,not overruling
2243,2293,overruling
2244,2294,not overruling
2245,2295,overruling
2246,2296,overruling
2247,2297,overruling
2248,2298,overruling
2249,2299,overruling
2250,2300,not overruling
2251,2301,overruling
2252,2302,not overruling
2253,2303,not overruling
2254,2304,overruling
2255,2305,not overruling
2256,2306,not overruling
2257,2307,overruling
2258,2308,not overruling
2259,2309,not overruling
2260,2310,not overruling
2261,2311,not overruling
2262,2312,not overruling
2263,2313,overruling
2264,2314,not overruling
2265,2315,not overruling
2266,2316,not overruling
2267,2317,not overruling
2268,2318,overruling
2269,2319,not overruling
2270,2320,not overruling
2271,2321,overruling
2272,2322,overruling
2273,2323,not overruling
2274,2324,not overruling
2275,2325,not overruling
2276,2326,not overruling
2277,2327,not overruling
2278,2328,not overruling
2279,2329,overruling
2280,2330,overruling
2281,2331,not overruling
2282,2332,not overruling
2283,2333,overruling
2284,2334,not overruling
2285,2335,not overruling
2286,2336,overruling
2287,2337,not overruling
2288,2338,not overruling
2289,2339,overruling
2290,2340,not overruling
2291,2341,overruling
2292,2342,overruling
2293,2343,not overruling
2294,2344,overruling
2295,2345,not overruling
2296,2346,not overruling
2297,2347,not overruling
2298,2348,overruling
2299,2349,overruling
2300,2350,not overruling
2301,2351,overruling
2302,2352,not overruling
2303,2353,not overruling
2304,2354,overruling
2305,2355,not overruling
2306,2356,not overruling
2307,2357,not overruling
2308,2358,overruling
2309,2359,not overruling
2310,2360,overruling
2311,2361,overruling
2312,2362,not overruling
2313,2363,overruling
2314,2364,not overruling
2315,2365,overruling
2316,2366,not overruling
2317,2367,overruling
2318,2368,overruling
2319,2369,overruling
2320,2370,not overruling
2321,2371,overruling
2322,2372,overruling
2323,2373,overruling
2324,2374,not overruling
2325,2375,not overruling
2326,2376,not overruling
2327,2377,overruling
2328,2378,not overruling
2329,2379,not overruling
2330,2380,overruling
2331,2381,overruling
2332,2382,not overruling
2333,2383,overruling
2334,2384,overruling
2335,2385,not overruling
2336,2386,overruling
2337,2387,not overruling
2338,2388,overruling
2339,2389,not overruling
2340,2390,overruling
2341,2391,not overruling
2342,2392,not overruling
2343,2393,not overruling
2344,2394,not overruling
2345,2395,not overruling
2346,2396,not overruling
2347,2397,overruling
2348,2398,not overruling
2349,2399,not overruling
